head_label,prompt_count,delta_mean,delta_variance,decrease_ratio,top1_changed_ratio,dropped_from_top5_ratio,dropped_from_top20_ratio
L15.H7,7,-0.08459036690848214,0.0029888116963663882,0.8571428571428571,0.42857142857142855,0.0,0.0
L20.H1,7,-0.032566615513392856,0.001635657737449724,1.0,0.5714285714285714,0.0,0.0
L17.H6,7,-0.02606201171875,0.0008585846849850246,0.8571428571428571,0.0,0.0,0.0
L16.H2,7,-0.022059849330357144,0.00038758756554856593,1.0,0.14285714285714285,0.0,0.0
L13.H1,7,-0.016026088169642856,0.0002501243535353213,0.8571428571428571,0.14285714285714285,0.0,0.0
L16.H15,7,-0.014317103794642858,4.104935393041494e-05,1.0,0.14285714285714285,0.0,0.0
L15.H3,7,-0.012172154017857142,0.0005188316715006926,0.8571428571428571,0.14285714285714285,0.0,0.0
