head_label,prompt_count,delta_mean,delta_variance,decrease_ratio,top1_changed_ratio,dropped_from_top5_ratio,dropped_from_top20_ratio
L13.H2,100,-0.2208612060546875,0.029348440545238552,0.97,0.18,0.04,0.01
L14.H12,100,-0.05725555419921875,0.005723032045643776,0.8,0.07,0.0,0.0
L22.H0,100,-0.0259332275390625,0.0013118615668267018,0.8,0.04,0.0,0.0
L23.H2,100,-0.01797760009765625,0.0009314931015484033,0.81,0.01,0.0,0.0
L23.H9,100,-0.016304931640625,0.0004080371573567392,0.8,0.02,0.0,0.0
