head_label,prompt_count,delta_mean,delta_variance,decrease_ratio,top1_changed_ratio,dropped_from_top5_ratio,dropped_from_top20_ratio
L13.H1,100,-0.15413126945495606,0.01579695901350306,0.96,0.67,0.42,0.14
L11.H10,100,-0.10991910934448242,0.017816503920756437,0.88,0.53,0.22,0.01
L12.H6,100,-0.0807729148864746,0.012889630979105641,0.8,0.37,0.15,0.03
L16.H14,100,-0.0773798942565918,0.014045275784983451,0.8,0.49,0.2,0.05
