head_label,prompt_count,delta_mean,delta_variance,decrease_ratio,top1_changed_ratio,dropped_from_top5_ratio,dropped_from_top20_ratio
L12.H0,100,-0.2585905408859253,0.03035186498159897,0.91,0.78,0.44,0.12
L13.H1,100,-0.21131718635559082,0.031164512901225957,0.93,0.57,0.31,0.06
L13.H6,100,-0.13937408447265626,0.0382376667204313,0.8,0.41,0.08,0.0
L11.H10,100,-0.095693359375,0.011540669259941207,0.81,0.31,0.06,0.01
