head_label,prompt_count,delta_mean,delta_variance,decrease_ratio,top1_changed_ratio,dropped_from_top5_ratio,dropped_from_top20_ratio
L15.H7,25,-0.168343505859375,0.016563958042860035,0.96,0.24,0.0,0.0
L15.H3,25,-0.037236328125,0.0029946416378021233,0.8,0.04,0.0,0.0
L22.H2,25,-0.0177783203125,0.0005912862777709961,0.88,0.0,0.0,0.0
L23.H13,25,-0.01025390625,0.00014678955078125,0.84,0.0,0.0,0.0
